AAD B2C,azurerm_aadb2c_directory
API Management,azurerm_api_management_user
API Management,azurerm_api_management_identity_provider_google
API Management,azurerm_api_management_api_diagnostic
API Management,azurerm_api_management_identity_provider_aad
API Management,azurerm_api_management_product_tag
API Management,azurerm_api_management_api
API Management,azurerm_api_management_api
API Management,azurerm_api_management_api
API Management,azurerm_api_management_api
API Management,azurerm_api_management_api
API Management,azurerm_api_management_api
API Management,azurerm_api_management_api
API Management,azurerm_api_management_api
API Management,azurerm_api_management_api
API Management,azurerm_api_management_api
API Management,azurerm_api_management_api
API Management,azurerm_api_management_api
API Management,azurerm_api_management_api
API Management,azurerm_api_management_api
API Management,azurerm_api_management_api
API Management,azurerm_api_management_api
API Management,azurerm_api_management_api
API Management,azurerm_api_management_api
API Management,azurerm_api_management_api
API Management,azurerm_api_management_identity_provider_microsoft
API Management,azurerm_api_management_product_group
API Management,azurerm_api_management_product
API Management,azurerm_api_management_product
API Management,azurerm_api_management_product
API Management,azurerm_api_management_product
API Management,azurerm_api_management_product
API Management,azurerm_api_management_product
API Management,azurerm_api_management_schema
API Management,azurerm_api_management
API Management,azurerm_api_management
API Management,azurerm_api_management
API Management,azurerm_api_management
API Management,azurerm_api_management
API Management,azurerm_api_management
API Management,azurerm_api_management
API Management,azurerm_api_management
API Management,azurerm_api_management
API Management,azurerm_api_management
API Management,azurerm_api_management
API Management,azurerm_api_management
API Management,azurerm_api_management
API Management,azurerm_api_management
API Management,azurerm_api_management
API Management,azurerm_api_management
API Management,azurerm_api_management
API Management,azurerm_api_management
API Management,azurerm_api_management
API Management,azurerm_api_management
API Management,azurerm_api_management
API Management,azurerm_api_management_group_user
API Management,azurerm_api_management_api_policy
API Management,azurerm_api_management_tag
API Management,azurerm_api_management_api_version_set
API Management,azurerm_api_management_notification_recipient_user
API Management,azurerm_api_management_api_schema
API Management,azurerm_api_management_authorization_server
API Management,azurerm_api_management_gateway
API Management,azurerm_api_management_identity_provider_twitter
API Management,azurerm_api_management_api_release
API Management,azurerm_api_management_backend
API Management,azurerm_api_management_backend
API Management,azurerm_api_management_backend
API Management,azurerm_api_management_policy
API Management,azurerm_api_management_redis_cache
API Management,azurerm_api_management_custom_domain
API Management,azurerm_api_management_gateway_api
API Management,azurerm_api_management_group
API Management,azurerm_api_management_subscription
API Management,azurerm_api_management_identity_provider_facebook
API Management,azurerm_api_management_api_operation_policy
API Management,azurerm_api_management_logger
API Management,azurerm_api_management_gateway_host_name_configuration
API Management,azurerm_api_management_identity_provider_aadb2c
API Management,azurerm_api_management_product_policy
API Management,azurerm_api_management_named_value
API Management,azurerm_api_management_diagnostic
API Management,azurerm_api_management_api_operation
API Management,azurerm_api_management_api_operation
API Management,azurerm_api_management_api_tag
API Management,azurerm_api_management_certificate
API Management,azurerm_api_management_notification_recipient_email
API Management,azurerm_api_management_openid_connect_provider
API Management,azurerm_api_management_email_template
API Management,azurerm_api_management_product_api
API Management,azurerm_api_management_product_api
API Management,azurerm_api_management_product_api
API Management,azurerm_api_management_product_api
API Management,azurerm_api_management_product_api
API Management,azurerm_api_management_api_tag_description
API Management,azurerm_api_management_gateway_certificate_authority
API Management,azurerm_api_management_api_operation_tag
Active Directory Domain Services,azurerm_active_directory_domain_service
Active Directory Domain Services,azurerm_active_directory_domain_service_replica_set
Active Directory Domain Services,azurerm_active_directory_domain_service_trust
Advisor,azurerm_advisor_recommendations
Analysis Services,azurerm_analysis_services_server
App Configuration,azurerm_app_configuration_feature
App Configuration,azurerm_app_configuration
App Configuration,azurerm_app_configuration_key
App Configuration,azurerm_app_configuration_keys
App Service (Web Apps),azurerm_function_app_active_slot
App Service (Web Apps),azurerm_app_service_plan
App Service (Web Apps),azurerm_app_service_plan
App Service (Web Apps),azurerm_app_service_plan
App Service (Web Apps),azurerm_app_service_plan
App Service (Web Apps),azurerm_app_service_plan
App Service (Web Apps),azurerm_app_service_plan
App Service (Web Apps),azurerm_app_service_plan
App Service (Web Apps),azurerm_app_service_plan
App Service (Web Apps),azurerm_app_service_plan
App Service (Web Apps),azurerm_app_service_plan
App Service (Web Apps),azurerm_app_service_plan
App Service (Web Apps),azurerm_app_service_plan
App Service (Web Apps),azurerm_app_service_plan
App Service (Web Apps),azurerm_app_service_plan
App Service (Web Apps),azurerm_app_service_plan
App Service (Web Apps),azurerm_app_service_plan
App Service (Web Apps),azurerm_app_service_plan
App Service (Web Apps),azurerm_linux_web_app
App Service (Web Apps),azurerm_linux_web_app
App Service (Web Apps),azurerm_app_service_hybrid_connection
App Service (Web Apps),azurerm_service_plan
App Service (Web Apps),azurerm_service_plan
App Service (Web Apps),azurerm_service_plan
App Service (Web Apps),azurerm_service_plan
App Service (Web Apps),azurerm_service_plan
App Service (Web Apps),azurerm_service_plan
App Service (Web Apps),azurerm_app_service_source_control
App Service (Web Apps),azurerm_app_service_source_control
App Service (Web Apps),azurerm_app_service_connection
App Service (Web Apps),azurerm_app_service_certificate_order
App Service (Web Apps),azurerm_windows_function_app_slot
App Service (Web Apps),azurerm_function_app_hybrid_connection
App Service (Web Apps),azurerm_function_app
App Service (Web Apps),azurerm_function_app
App Service (Web Apps),azurerm_function_app
App Service (Web Apps),azurerm_function_app
App Service (Web Apps),azurerm_function_app_function
App Service (Web Apps),azurerm_app_service_environment_v3
App Service (Web Apps),azurerm_web_app_hybrid_connection
App Service (Web Apps),azurerm_function_app_slot
App Service (Web Apps),azurerm_app_service_virtual_network_swift_connection
App Service (Web Apps),azurerm_app_service_virtual_network_swift_connection
App Service (Web Apps),azurerm_source_control_token
App Service (Web Apps),azurerm_web_app_active_slot
App Service (Web Apps),azurerm_app_service_certificate
App Service (Web Apps),azurerm_app_service_certificate
App Service (Web Apps),azurerm_app_service_certificate
App Service (Web Apps),azurerm_app_service_certificate
App Service (Web Apps),azurerm_app_service_certificate
App Service (Web Apps),azurerm_app_service_certificate
App Service (Web Apps),azurerm_app_service_certificate
App Service (Web Apps),azurerm_app_service_certificate
App Service (Web Apps),azurerm_windows_function_app
App Service (Web Apps),azurerm_windows_function_app
App Service (Web Apps),azurerm_windows_function_app
App Service (Web Apps),azurerm_windows_function_app
App Service (Web Apps),azurerm_app_service_slot_custom_hostname_binding
App Service (Web Apps),azurerm_app_service
App Service (Web Apps),azurerm_app_service
App Service (Web Apps),azurerm_app_service
App Service (Web Apps),azurerm_app_service
App Service (Web Apps),azurerm_app_service
App Service (Web Apps),azurerm_app_service
App Service (Web Apps),azurerm_app_service
App Service (Web Apps),azurerm_app_service
App Service (Web Apps),azurerm_app_service
App Service (Web Apps),azurerm_app_service
App Service (Web Apps),azurerm_app_service
App Service (Web Apps),azurerm_app_service
App Service (Web Apps),azurerm_app_service
App Service (Web Apps),azurerm_app_service
App Service (Web Apps),azurerm_app_service
App Service (Web Apps),azurerm_app_service
App Service (Web Apps),azurerm_app_service
App Service (Web Apps),azurerm_app_service
App Service (Web Apps),azurerm_app_service_slot_virtual_network_swift_connection
App Service (Web Apps),azurerm_app_service_environment
App Service (Web Apps),azurerm_windows_web_app
App Service (Web Apps),azurerm_windows_web_app
App Service (Web Apps),azurerm_windows_web_app
App Service (Web Apps),azurerm_windows_web_app
App Service (Web Apps),azurerm_windows_web_app
App Service (Web Apps),azurerm_windows_web_app_slot
App Service (Web Apps),azurerm_linux_function_app
App Service (Web Apps),azurerm_linux_function_app
App Service (Web Apps),azurerm_linux_function_app
App Service (Web Apps),azurerm_linux_function_app
App Service (Web Apps),azurerm_linux_function_app
App Service (Web Apps),azurerm_linux_function_app
App Service (Web Apps),azurerm_linux_function_app
App Service (Web Apps),azurerm_linux_function_app
App Service (Web Apps),azurerm_linux_function_app
App Service (Web Apps),azurerm_linux_function_app
App Service (Web Apps),azurerm_app_service_source_control_slot
App Service (Web Apps),azurerm_static_site_custom_domain
App Service (Web Apps),azurerm_app_service_public_certificate
App Service (Web Apps),azurerm_app_service_managed_certificate
App Service (Web Apps),azurerm_app_service_managed_certificate
App Service (Web Apps),azurerm_app_service_managed_certificate
App Service (Web Apps),azurerm_app_service_managed_certificate
App Service (Web Apps),azurerm_app_service_source_control_token
App Service (Web Apps),azurerm_static_site
App Service (Web Apps),azurerm_linux_function_app_slot
App Service (Web Apps),azurerm_app_service_slot
App Service (Web Apps),azurerm_app_service_slot
App Service (Web Apps),azurerm_app_service_slot
App Service (Web Apps),azurerm_function_app_host_keys
App Service (Web Apps),azurerm_app_service_active_slot
App Service (Web Apps),azurerm_app_service_custom_hostname_binding
App Service (Web Apps),azurerm_app_service_custom_hostname_binding
App Service (Web Apps),azurerm_app_service_custom_hostname_binding
App Service (Web Apps),azurerm_app_service_custom_hostname_binding
App Service (Web Apps),azurerm_app_service_custom_hostname_binding
App Service (Web Apps),azurerm_app_service_custom_hostname_binding
App Service (Web Apps),azurerm_app_service_certificate_binding
App Service (Web Apps),azurerm_app_service_certificate_binding
App Service (Web Apps),azurerm_app_service_certificate_binding
App Service (Web Apps),azurerm_app_service_certificate_binding
App Service (Web Apps),azurerm_linux_web_app_slot
Application Insights,azurerm_application_insights_analytics_item
Application Insights,azurerm_application_insights_workbook_template
Application Insights,azurerm_application_insights
Application Insights,azurerm_application_insights
Application Insights,azurerm_application_insights
Application Insights,azurerm_application_insights
Application Insights,azurerm_application_insights
Application Insights,azurerm_application_insights
Application Insights,azurerm_application_insights
Application Insights,azurerm_application_insights
Application Insights,azurerm_application_insights
Application Insights,azurerm_application_insights
Application Insights,azurerm_application_insights
Application Insights,azurerm_application_insights
Application Insights,azurerm_application_insights
Application Insights,azurerm_application_insights_web_test
Application Insights,azurerm_application_insights_standard_web_test
Application Insights,azurerm_application_insights_smart_detection_rule
Application Insights,azurerm_application_insights_workbook
Application Insights,azurerm_application_insights_api_key
ArcKubernetes,azurerm_arc_kubernetes_cluster
ArcKubernetes,azurerm_arc_kubernetes_flux_configuration
ArcKubernetes,azurerm_arc_kubernetes_cluster_extension
Attestation,azurerm_attestation_provider
Attestation,azurerm_attestation_provider
Authorization,azurerm_user_assigned_identity
Authorization,azurerm_user_assigned_identity
Authorization,azurerm_user_assigned_identity
Authorization,azurerm_user_assigned_identity
Authorization,azurerm_user_assigned_identity
Authorization,azurerm_user_assigned_identity
Authorization,azurerm_role_definition
Authorization,azurerm_role_definition
Authorization,azurerm_role_definition
Authorization,azurerm_role_definition
Authorization,azurerm_role_definition
Authorization,azurerm_role_definition
Authorization,azurerm_role_definition
Authorization,azurerm_role_definition
Authorization,azurerm_role_assignment
Authorization,azurerm_role_assignment
Authorization,azurerm_role_assignment
Authorization,azurerm_role_assignment
Authorization,azurerm_role_assignment
Authorization,azurerm_role_assignment
Authorization,azurerm_role_assignment
Authorization,azurerm_role_assignment
Authorization,azurerm_role_assignment
Authorization,azurerm_role_assignment
Authorization,azurerm_role_assignment
Authorization,azurerm_role_assignment
Authorization,azurerm_role_assignment
Authorization,azurerm_role_assignment
Authorization,azurerm_role_assignment
Authorization,azurerm_role_assignment
Authorization,azurerm_role_assignment
Authorization,azurerm_role_assignment
Authorization,azurerm_role_assignment
Authorization,azurerm_role_assignment
Authorization,azurerm_role_assignment
Authorization,azurerm_role_assignment
Authorization,azurerm_role_assignment
Authorization,azurerm_federated_identity_credential
Automanage,azurerm_automanage_configuration
Automation,azurerm_automation_variable_bool
Automation,azurerm_automation_certificate
Automation,azurerm_automation_variable_datetime
Automation,azurerm_automation_dsc_configuration
Automation,azurerm_automation_connection_type
Automation,azurerm_automation_watcher
Automation,azurerm_automation_connection
Automation,azurerm_automation_connection_classic_certificate
Automation,azurerm_automation_variable_string
Automation,azurerm_automation_credential
Automation,azurerm_automation_job_schedule
Automation,azurerm_automation_webhook
Automation,azurerm_automation_connection_service_principal
Automation,azurerm_automation_runbook
Automation,azurerm_automation_runbook
Automation,azurerm_automation_module
Automation,azurerm_automation_module
Automation,azurerm_automation_module
Automation,azurerm_automation_module
Automation,azurerm_automation_source_control
Automation,azurerm_automation_variable_int
Automation,azurerm_automation_hybrid_runbook_worker_group
Automation,azurerm_automation_account
Automation,azurerm_automation_account
Automation,azurerm_automation_account
Automation,azurerm_automation_account
Automation,azurerm_automation_connection_certificate
Automation,azurerm_automation_hybrid_runbook_worker
Automation,azurerm_automation_dsc_nodeconfiguration
Automation,azurerm_automation_schedule
Automation,azurerm_automation_software_update_configuration
Azure Stack HCI,azurerm_stack_hci_cluster
Base,azurerm_resource_provider_registration
Base,azurerm_subscriptions
Base,azurerm_subscription
Base,azurerm_subscription
Base,azurerm_subscription
Base,azurerm_subscription
Base,azurerm_subscription
Base,azurerm_subscription
Base,azurerm_subscription
Base,azurerm_subscription
Base,azurerm_subscription
Base,azurerm_subscription
Base,azurerm_subscription
Base,azurerm_subscription
Base,azurerm_subscription
Base,azurerm_subscription
Base,azurerm_subscription
Base,azurerm_subscription
Base,azurerm_extended_locations
Base,azurerm_client_config
Base,azurerm_client_config
Base,azurerm_client_config
Base,azurerm_client_config
Base,azurerm_client_config
Base,azurerm_client_config
Base,azurerm_client_config
Base,azurerm_client_config
Base,azurerm_client_config
Base,azurerm_client_config
Base,azurerm_client_config
Base,azurerm_client_config
Base,azurerm_client_config
Base,azurerm_client_config
Base,azurerm_client_config
Base,azurerm_resources
Base,azurerm_resources
Base,azurerm_resources
Base,azurerm_resources
Base,azurerm_resources
Base,azurerm_resources
Base,azurerm_resources
Base,azurerm_resources
Base,azurerm_resources
Base,azurerm_resources
Base,azurerm_resources
Base,azurerm_resources
Base,azurerm_resources
Base,azurerm_resources
Base,azurerm_resources
Base,azurerm_resources
Base,azurerm_resources
Base,azurerm_resource_group
Base,azurerm_resource_group
Base,azurerm_resource_group
Base,azurerm_resource_group
Base,azurerm_resource_group
Base,azurerm_resource_group
Base,azurerm_resource_group
Base,azurerm_resource_group
Base,azurerm_resource_group
Base,azurerm_resource_group
Base,azurerm_resource_group
Base,azurerm_resource_group
Base,azurerm_resource_group
Base,azurerm_resource_group
Base,azurerm_resource_group
Base,azurerm_resource_group
Base,azurerm_resource_group
Base,azurerm_resource_group
Base,azurerm_resource_group
Base,azurerm_resource_group
Base,azurerm_resource_group
Base,azurerm_resource_group
Base,azurerm_resource_group
Batch,azurerm_batch_application
Batch,azurerm_batch_pool
Batch,azurerm_batch_job
Batch,azurerm_batch_account
Batch,azurerm_batch_account
Batch,azurerm_batch_certificate
Billing,azurerm_billing_mpa_account_scope
Billing,azurerm_billing_enrollment_account_scope
Billing,azurerm_billing_mca_account_scope
Blueprints,azurerm_blueprint_published_version
Blueprints,azurerm_blueprint_assignment
Blueprints,azurerm_blueprint_definition
Bot,azurerm_bot_channel_email
Bot,azurerm_bot_web_app
Bot,azurerm_bot_channel_facebook
Bot,azurerm_bot_service_azure_bot
Bot,azurerm_bot_channel_alexa
Bot,azurerm_bot_channel_ms_teams
Bot,azurerm_bot_channel_directline
Bot,azurerm_bot_channel_slack
Bot,azurerm_bot_connection
Bot,azurerm_bot_channel_line
Bot,azurerm_bot_healthbot
Bot,azurerm_bot_channel_web_chat
Bot,azurerm_bot_channel_sms
Bot,azurerm_bot_channels_registration
Bot,azurerm_bot_channel_direct_line_speech
CDN,azurerm_cdn_frontdoor_secret
CDN,azurerm_cdn_frontdoor_firewall_policy
CDN,azurerm_cdn_frontdoor_origin
CDN,azurerm_cdn_frontdoor_origin
CDN,azurerm_cdn_frontdoor_route_disable_link_to_default_domain
CDN,azurerm_cdn_endpoint_custom_domain
CDN,azurerm_cdn_frontdoor_origin_group
CDN,azurerm_cdn_frontdoor_origin_group
CDN,azurerm_cdn_frontdoor_profile
CDN,azurerm_cdn_frontdoor_profile
CDN,azurerm_cdn_frontdoor_rule_set
CDN,azurerm_cdn_frontdoor_rule
CDN,azurerm_cdn_frontdoor_endpoint
CDN,azurerm_cdn_endpoint
CDN,azurerm_cdn_endpoint
CDN,azurerm_cdn_profile
CDN,azurerm_cdn_frontdoor_custom_domain_association
CDN,azurerm_cdn_frontdoor_security_policy
CDN,azurerm_cdn_frontdoor_custom_domain
CDN,azurerm_cdn_frontdoor_route
CDN,azurerm_cdn_frontdoor_route
Cognitive Services,azurerm_cognitive_account
Cognitive Services,azurerm_cognitive_account
Cognitive Services,azurerm_cognitive_account
Cognitive Services,azurerm_cognitive_deployment
Cognitive Services,azurerm_cognitive_account_customer_managed_key
Communication,azurerm_communication_service
Communication,azurerm_email_communication_service
Compute,azurerm_virtual_machine_scale_set_extension
Compute,azurerm_virtual_machine_scale_set_extension
Compute,azurerm_windows_virtual_machine_scale_set
Compute,azurerm_windows_virtual_machine_scale_set
Compute,azurerm_marketplace_agreement
Compute,azurerm_managed_disk
Compute,azurerm_managed_disk
Compute,azurerm_managed_disk
Compute,azurerm_gallery_application
Compute,azurerm_disk_access
Compute,azurerm_virtual_machine
Compute,azurerm_virtual_machine
Compute,azurerm_virtual_machine
Compute,azurerm_virtual_machine
Compute,azurerm_virtual_machine
Compute,azurerm_virtual_machine
Compute,azurerm_virtual_machine
Compute,azurerm_virtual_machine
Compute,azurerm_virtual_machine
Compute,azurerm_virtual_machine
Compute,azurerm_virtual_machine
Compute,azurerm_virtual_machine
Compute,azurerm_virtual_machine
Compute,azurerm_virtual_machine
Compute,azurerm_virtual_machine
Compute,azurerm_virtual_machine
Compute,azurerm_virtual_machine
Compute,azurerm_virtual_machine
Compute,azurerm_virtual_machine
Compute,azurerm_virtual_machine
Compute,azurerm_virtual_machine
Compute,azurerm_virtual_machine
Compute,azurerm_virtual_machine
Compute,azurerm_orchestrated_virtual_machine_scale_set
Compute,azurerm_orchestrated_virtual_machine_scale_set
Compute,azurerm_orchestrated_virtual_machine_scale_set
Compute,azurerm_proximity_placement_group
Compute,azurerm_gallery_application_version
Compute,azurerm_linux_virtual_machine
Compute,azurerm_linux_virtual_machine
Compute,azurerm_linux_virtual_machine
Compute,azurerm_linux_virtual_machine
Compute,azurerm_linux_virtual_machine
Compute,azurerm_linux_virtual_machine
Compute,azurerm_linux_virtual_machine
Compute,azurerm_linux_virtual_machine
Compute,azurerm_linux_virtual_machine
Compute,azurerm_linux_virtual_machine
Compute,azurerm_linux_virtual_machine
Compute,azurerm_linux_virtual_machine
Compute,azurerm_linux_virtual_machine
Compute,azurerm_linux_virtual_machine
Compute,azurerm_linux_virtual_machine
Compute,azurerm_linux_virtual_machine
Compute,azurerm_linux_virtual_machine
Compute,azurerm_linux_virtual_machine
Compute,azurerm_linux_virtual_machine
Compute,azurerm_snapshot
Compute,azurerm_virtual_machine_scale_set
Compute,azurerm_virtual_machine_scale_set
Compute,azurerm_virtual_machine_scale_set
Compute,azurerm_virtual_machine_scale_set
Compute,azurerm_capacity_reservation
Compute,azurerm_capacity_reservation
Compute,azurerm_image
Compute,azurerm_image
Compute,azurerm_image
Compute,azurerm_image
Compute,azurerm_platform_image
Compute,azurerm_dedicated_host
Compute,azurerm_shared_image
Compute,azurerm_shared_image
Compute,azurerm_images
Compute,azurerm_availability_set
Compute,azurerm_dedicated_host_group
Compute,azurerm_virtual_machine_data_disk_attachment
Compute,azurerm_virtual_machine_data_disk_attachment
Compute,azurerm_virtual_machine_data_disk_attachment
Compute,azurerm_capacity_reservation_group
Compute,azurerm_linux_virtual_machine_scale_set
Compute,azurerm_linux_virtual_machine_scale_set
Compute,azurerm_linux_virtual_machine_scale_set
Compute,azurerm_linux_virtual_machine_scale_set
Compute,azurerm_linux_virtual_machine_scale_set
Compute,azurerm_disk_sas_token
Compute,azurerm_shared_image_gallery
Compute,azurerm_disk_encryption_set
Compute,azurerm_ssh_public_key
Compute,azurerm_ssh_public_key
Compute,azurerm_shared_image_versions
Compute,azurerm_shared_image_version
Compute,azurerm_virtual_machine_extension
Compute,azurerm_virtual_machine_extension
Compute,azurerm_virtual_machine_extension
Compute,azurerm_virtual_machine_extension
Compute,azurerm_virtual_machine_extension
Compute,azurerm_virtual_machine_extension
Compute,azurerm_virtual_machine_extension
Compute,azurerm_virtual_machine_extension
Compute,azurerm_virtual_machine_extension
Compute,azurerm_virtual_machine_extension
Compute,azurerm_virtual_machine_extension
Compute,azurerm_virtual_machine_extension
Compute,azurerm_virtual_machine_extension
Compute,azurerm_virtual_machine_extension
Compute,azurerm_virtual_machine_extension
Compute,azurerm_virtual_machine_extension
Compute,azurerm_virtual_machine_extension
Compute,azurerm_virtual_machine_extension
Compute,azurerm_virtual_machine_extension
Compute,azurerm_virtual_machine_extension
Compute,azurerm_virtual_machine_extension
Compute,azurerm_virtual_machine_extension
Compute,azurerm_virtual_machine_extension
Compute,azurerm_windows_virtual_machine
Compute,azurerm_windows_virtual_machine
Compute,azurerm_windows_virtual_machine
Compute,azurerm_windows_virtual_machine
Compute,azurerm_windows_virtual_machine
Compute,azurerm_windows_virtual_machine
Compute,azurerm_windows_virtual_machine
Compute,azurerm_windows_virtual_machine
Compute,azurerm_windows_virtual_machine
Compute,azurerm_windows_virtual_machine
Compute,azurerm_windows_virtual_machine
Confidential Ledger,azurerm_confidential_ledger
Connections,azurerm_api_connection
Connections,azurerm_managed_api
Consumption,azurerm_consumption_budget_management_group
Consumption,azurerm_consumption_budget_resource_group
Consumption,azurerm_consumption_budget_subscription
Container,azurerm_kubernetes_fleet_manager
Container,azurerm_container_registry
Container,azurerm_container_registry
Container,azurerm_container_registry
Container,azurerm_container_registry
Container,azurerm_container_registry
Container,azurerm_container_registry
Container,azurerm_container_registry
Container,azurerm_container_registry
Container,azurerm_container_registry
Container,azurerm_container_registry
Container,azurerm_container_registry
Container,azurerm_container_registry
Container,azurerm_container_registry
Container,azurerm_container_registry
Container,azurerm_container_registry
Container,azurerm_container_registry
Container,azurerm_container_registry
Container,azurerm_container_registry
Container,azurerm_container_registry
Container,azurerm_container_registry
Container,azurerm_container_registry
Container,azurerm_container_registry
Container,azurerm_container_registry
Container,azurerm_kubernetes_node_pool_snapshot
Container,azurerm_kubernetes_cluster_node_pool
Container,azurerm_kubernetes_cluster_node_pool
Container,azurerm_kubernetes_cluster_node_pool
Container,azurerm_kubernetes_cluster_node_pool
Container,azurerm_kubernetes_cluster_node_pool
Container,azurerm_container_registry_webhook
Container,azurerm_kubernetes_cluster_extension
Container,azurerm_container_group
Container,azurerm_container_group
Container,azurerm_container_group
Container,azurerm_container_group
Container,azurerm_container_group
Container,azurerm_container_group
Container,azurerm_container_group
Container,azurerm_container_group
Container,azurerm_container_group
Container,azurerm_container_group
Container,azurerm_container_group
Container,azurerm_container_group
Container,azurerm_container_group
Container,azurerm_container_group
Container,azurerm_container_group
Container,azurerm_container_group
Container,azurerm_container_group
Container,azurerm_container_group
Container,azurerm_container_group
Container,azurerm_container_group
Container,azurerm_container_group
Container,azurerm_container_group
Container,azurerm_container_group
Container,azurerm_container_registry_scope_map
Container,azurerm_kubernetes_cluster
Container,azurerm_kubernetes_cluster
Container,azurerm_kubernetes_cluster
Container,azurerm_kubernetes_cluster
Container,azurerm_kubernetes_cluster
Container,azurerm_kubernetes_cluster
Container,azurerm_kubernetes_cluster
Container,azurerm_kubernetes_cluster
Container,azurerm_kubernetes_cluster
Container,azurerm_kubernetes_cluster
Container,azurerm_kubernetes_cluster
Container,azurerm_kubernetes_cluster
Container,azurerm_kubernetes_cluster
Container,azurerm_kubernetes_cluster
Container,azurerm_kubernetes_cluster
Container,azurerm_kubernetes_cluster
Container,azurerm_kubernetes_cluster
Container,azurerm_kubernetes_cluster
Container,azurerm_kubernetes_cluster
Container,azurerm_kubernetes_cluster
Container,azurerm_container_registry_token
Container,azurerm_container_registry_token_password
Container,azurerm_container_registry_task
Container,azurerm_kubernetes_service_versions
Container,azurerm_container_connected_registry
Container,azurerm_kubernetes_flux_configuration
Container,azurerm_container_registry_agent_pool
Container,azurerm_container_registry_task_schedule_run_now
Container Apps,azurerm_container_app_environment
Container Apps,azurerm_container_app_environment
Container Apps,azurerm_container_app_environment_dapr_component
Container Apps,azurerm_container_app_environment_storage
Container Apps,azurerm_container_app
Container Apps,azurerm_container_app
Container Apps,azurerm_container_app
Container Apps,azurerm_container_app_environment_certificate
CosmosDB (DocumentDB),azurerm_cosmosdb_sql_dedicated_gateway
CosmosDB (DocumentDB),azurerm_cosmosdb_gremlin_database
CosmosDB (DocumentDB),azurerm_cosmosdb_sql_database
CosmosDB (DocumentDB),azurerm_cosmosdb_sql_database
CosmosDB (DocumentDB),azurerm_cosmosdb_sql_database
CosmosDB (DocumentDB),azurerm_cosmosdb_sql_database
CosmosDB (DocumentDB),azurerm_cosmosdb_sql_database
CosmosDB (DocumentDB),azurerm_cosmosdb_notebook_workspace
CosmosDB (DocumentDB),azurerm_cosmosdb_gremlin_graph
CosmosDB (DocumentDB),azurerm_cosmosdb_sql_container
CosmosDB (DocumentDB),azurerm_cosmosdb_sql_container
CosmosDB (DocumentDB),azurerm_cosmosdb_sql_container
CosmosDB (DocumentDB),azurerm_cosmosdb_mongo_role_definition
CosmosDB (DocumentDB),azurerm_cosmosdb_sql_role_assignment
CosmosDB (DocumentDB),azurerm_cosmosdb_sql_role_assignment
CosmosDB (DocumentDB),azurerm_cosmosdb_sql_role_definition
CosmosDB (DocumentDB),azurerm_cosmosdb_postgresql_firewall_rule
CosmosDB (DocumentDB),azurerm_cosmosdb_sql_function
CosmosDB (DocumentDB),azurerm_cosmosdb_account
CosmosDB (DocumentDB),azurerm_cosmosdb_account
CosmosDB (DocumentDB),azurerm_cosmosdb_account
CosmosDB (DocumentDB),azurerm_cosmosdb_account
CosmosDB (DocumentDB),azurerm_cosmosdb_account
CosmosDB (DocumentDB),azurerm_cosmosdb_account
CosmosDB (DocumentDB),azurerm_cosmosdb_account
CosmosDB (DocumentDB),azurerm_cosmosdb_account
CosmosDB (DocumentDB),azurerm_cosmosdb_account
CosmosDB (DocumentDB),azurerm_cosmosdb_cassandra_cluster
CosmosDB (DocumentDB),azurerm_cosmosdb_sql_stored_procedure
CosmosDB (DocumentDB),azurerm_cosmosdb_postgresql_cluster
CosmosDB (DocumentDB),azurerm_cosmosdb_mongo_database
CosmosDB (DocumentDB),azurerm_cosmosdb_cassandra_table
CosmosDB (DocumentDB),azurerm_cosmosdb_postgresql_coordinator_configuration
CosmosDB (DocumentDB),azurerm_cosmosdb_postgresql_node_configuration
CosmosDB (DocumentDB),azurerm_cosmosdb_table
CosmosDB (DocumentDB),azurerm_cosmosdb_cassandra_keyspace
CosmosDB (DocumentDB),azurerm_cosmosdb_mongo_collection
CosmosDB (DocumentDB),azurerm_cosmosdb_sql_trigger
CosmosDB (DocumentDB),azurerm_cosmosdb_postgresql_role
CosmosDB (DocumentDB),azurerm_cosmosdb_restorable_database_accounts
CosmosDB (DocumentDB),azurerm_cosmosdb_cassandra_datacenter
CosmosDB (DocumentDB),azurerm_cosmosdb_mongo_user_definition
Cost Management,azurerm_subscription_cost_management_view
Cost Management,azurerm_subscription_cost_management_export
Cost Management,azurerm_cost_anomaly_alert
Cost Management,azurerm_resource_group_cost_management_view
Cost Management,azurerm_cost_management_scheduled_action
Cost Management,azurerm_billing_account_cost_management_export
Cost Management,azurerm_resource_group_cost_management_export
Custom Providers,azurerm_custom_provider
DNS,azurerm_dns_mx_record
DNS,azurerm_dns_txt_record
DNS,azurerm_dns_soa_record
DNS,azurerm_dns_ptr_record
DNS,azurerm_dns_aaaa_record
DNS,azurerm_dns_ns_record
DNS,azurerm_dns_caa_record
DNS,azurerm_dns_cname_record
DNS,azurerm_dns_cname_record
DNS,azurerm_dns_cname_record
DNS,azurerm_dns_cname_record
DNS,azurerm_dns_cname_record
DNS,azurerm_dns_cname_record
DNS,azurerm_dns_zone
DNS,azurerm_dns_zone
DNS,azurerm_dns_a_record
DNS,azurerm_dns_a_record
DNS,azurerm_dns_srv_record
Dashboard,azurerm_dashboard_grafana
Data Explorer,azurerm_kusto_database
Data Explorer,azurerm_kusto_cluster_managed_private_endpoint
Data Explorer,azurerm_kusto_attached_database_configuration
Data Explorer,azurerm_kusto_cluster_principal_assignment
Data Explorer,azurerm_kusto_cluster
Data Explorer,azurerm_kusto_cluster_customer_managed_key
Data Explorer,azurerm_kusto_database_principal_assignment
Data Explorer,azurerm_kusto_script
Data Explorer,azurerm_kusto_iothub_data_connection
Data Explorer,azurerm_kusto_eventgrid_data_connection
Data Explorer,azurerm_kusto_eventhub_data_connection
Data Factory,azurerm_data_factory_linked_service_azure_databricks
Data Factory,azurerm_data_factory_dataset_json
Data Factory,azurerm_data_factory_tumbling_window
Data Factory,azurerm_data_factory_linked_service_data_lake_storage_gen2
Data Factory,azurerm_data_factory_trigger_blob_event
Data Factory,azurerm_data_factory_dataset_http
Data Factory,azurerm_data_factory_dataset_parquet
Data Factory,azurerm_data_factory_linked_service_odata
Data Factory,azurerm_data_factory_linked_service_synapse
Data Factory,azurerm_data_factory_linked_service_odbc
Data Factory,azurerm_data_factory_trigger_schedule
Data Factory,azurerm_data_factory_linked_service_azure_file_storage
Data Factory,azurerm_data_factory_dataset_cosmosdb_sqlapi
Data Factory,azurerm_data_factory_integration_runtime_azure
Data Factory,azurerm_data_factory
Data Factory,azurerm_data_factory
Data Factory,azurerm_data_factory
Data Factory,azurerm_data_factory
Data Factory,azurerm_data_factory_linked_service_cosmosdb
Data Factory,azurerm_data_factory_integration_runtime_azure_ssis
Data Factory,azurerm_data_factory_trigger_custom_event
Data Factory,azurerm_data_factory_dataset_azure_blob
Data Factory,azurerm_data_factory_linked_service_kusto
Data Factory,azurerm_data_factory_flowlet_data_flow
Data Factory,azurerm_data_factory_linked_custom_service
Data Factory,azurerm_data_factory_dataset_mysql
Data Factory,azurerm_data_factory_data_flow
Data Factory,azurerm_data_factory_linked_service_web
Data Factory,azurerm_data_factory_linked_service_sql_server
Data Factory,azurerm_data_factory_dataset_snowflake
Data Factory,azurerm_data_factory_linked_service_azure_function
Data Factory,azurerm_data_factory_linked_service_azure_search
Data Factory,azurerm_data_factory_integration_runtime_managed
Data Factory,azurerm_data_factory_linked_service_sftp
Data Factory,azurerm_data_factory_dataset_postgresql
Data Factory,azurerm_data_factory_linked_service_key_vault
Data Factory,azurerm_data_factory_linked_service_snowflake
Data Factory,azurerm_data_factory_linked_service_azure_blob_storage
Data Factory,azurerm_data_factory_pipeline
Data Factory,azurerm_data_factory_linked_service_postgresql
Data Factory,azurerm_data_factory_custom_dataset
Data Factory,azurerm_data_factory_linked_service_azure_table_storage
Data Factory,azurerm_data_factory_dataset_delimited_text
Data Factory,azurerm_data_factory_dataset_binary
Data Factory,azurerm_data_factory_dataset_sql_server_table
Data Factory,azurerm_data_factory_managed_private_endpoint
Data Factory,azurerm_data_factory_managed_private_endpoint
Data Factory,azurerm_data_factory_managed_private_endpoint
Data Factory,azurerm_data_factory_integration_runtime_self_hosted
Data Factory,azurerm_data_factory_linked_service_azure_sql_database
Data Factory,azurerm_data_factory_linked_service_cosmosdb_mongoapi
Data Factory,azurerm_data_factory_linked_service_mysql
Data Share,azurerm_data_share_dataset_kusto_database
Data Share,azurerm_data_share
Data Share,azurerm_data_share_dataset_blob_storage
Data Share,azurerm_data_share_account
Data Share,azurerm_data_share_dataset_data_lake_gen2
Data Share,azurerm_data_share_dataset_kusto_cluster
DataProtection,azurerm_data_protection_backup_vault
DataProtection,azurerm_data_protection_backup_instance_blob_storage
DataProtection,azurerm_data_protection_backup_policy_blob_storage
DataProtection,azurerm_data_protection_backup_instance_disk
DataProtection,azurerm_data_protection_backup_policy_disk
DataProtection,azurerm_data_protection_resource_guard
DataProtection,azurerm_data_protection_backup_policy_postgresql
DataProtection,azurerm_data_protection_backup_instance_postgresql
Database,azurerm_mysql_firewall_rule
Database,azurerm_mariadb_database
Database,azurerm_mssql_job_agent
Database,azurerm_mariadb_virtual_network_rule
Database,azurerm_mssql_managed_database
Database,azurerm_mssql_managed_instance
Database,azurerm_mssql_managed_instance
Database,azurerm_postgresql_database
Database,azurerm_postgresql_flexible_server_database
Database,azurerm_postgresql_flexible_server_database
Database,azurerm_mssql_server_microsoft_support_auditing_policy
Database,azurerm_sql_database
Database,azurerm_mssql_elasticpool
Database,azurerm_mssql_server
Database,azurerm_mssql_server
Database,azurerm_mssql_server
Database,azurerm_mysql_flexible_database
Database,azurerm_mysql_flexible_database
Database,azurerm_mariadb_server
Database,azurerm_mssql_database_extended_auditing_policy
Database,azurerm_mysql_server
Database,azurerm_mysql_server
Database,azurerm_mysql_active_directory_administrator
Database,azurerm_sql_virtual_network_rule
Database,azurerm_mysql_flexible_server_aad_administrator
Database,azurerm_mysql_flexible_server_configuration
Database,azurerm_mssql_outbound_firewall_rule
Database,azurerm_mssql_server_transparent_data_encryption
Database,azurerm_mssql_database
Database,azurerm_mssql_database
Database,azurerm_mssql_database
Database,azurerm_sql_firewall_rule
Database,azurerm_sql_firewall_rule
Database,azurerm_sql_firewall_rule
Database,azurerm_sql_firewall_rule
Database,azurerm_sql_firewall_rule
Database,azurerm_sql_failover_group
Database,azurerm_postgresql_flexible_server
Database,azurerm_postgresql_flexible_server
Database,azurerm_postgresql_flexible_server
Database,azurerm_postgresql_flexible_server
Database,azurerm_postgresql_flexible_server
Database,azurerm_postgresql_flexible_server
Database,azurerm_postgresql_flexible_server
Database,azurerm_postgresql_flexible_server
Database,azurerm_postgresql_flexible_server
Database,azurerm_postgresql_flexible_server
Database,azurerm_postgresql_flexible_server
Database,azurerm_postgresql_flexible_server
Database,azurerm_postgresql_flexible_server
Database,azurerm_postgresql_flexible_server
Database,azurerm_postgresql_flexible_server
Database,azurerm_postgresql_flexible_server
Database,azurerm_mysql_database
Database,azurerm_sql_server
Database,azurerm_sql_server
Database,azurerm_mssql_server_dns_alias
Database,azurerm_mssql_managed_instance_vulnerability_assessment
Database,azurerm_mysql_flexible_server
Database,azurerm_mysql_flexible_server
Database,azurerm_mysql_flexible_server
Database,azurerm_mysql_server_key
Database,azurerm_mssql_managed_instance_active_directory_administrator
Database,azurerm_postgresql_server
Database,azurerm_postgresql_server
Database,azurerm_postgresql_server
Database,azurerm_postgresql_server
Database,azurerm_postgresql_server
Database,azurerm_postgresql_server
Database,azurerm_postgresql_server
Database,azurerm_postgresql_server
Database,azurerm_postgresql_server
Database,azurerm_postgresql_server
Database,azurerm_postgresql_server
Database,azurerm_postgresql_server
Database,azurerm_postgresql_server
Database,azurerm_postgresql_server
Database,azurerm_postgresql_server
Database,azurerm_postgresql_server
Database,azurerm_postgresql_server
Database,azurerm_postgresql_server
Database,azurerm_postgresql_server
Database,azurerm_postgresql_server
Database,azurerm_postgresql_server
Database,azurerm_postgresql_server
Database,azurerm_mssql_server_security_alert_policy
Database,azurerm_postgresql_flexible_server_configuration
Database,azurerm_postgresql_configuration
Database,azurerm_sql_managed_database
Database,azurerm_mssql_job_credential
Database,azurerm_sql_managed_instance
Database,azurerm_mysql_virtual_network_rule
Database,azurerm_mssql_server_extended_auditing_policy
Database,azurerm_mysql_flexible_server_firewall_rule
Database,azurerm_mssql_virtual_network_rule
Database,azurerm_mssql_database_vulnerability_assessment_rule_baseline
Database,azurerm_postgresql_virtual_network_rule
Database,azurerm_postgresql_virtual_network_rule
Database,azurerm_mssql_managed_instance_failover_group
Database,azurerm_sql_managed_instance_failover_group
Database,azurerm_postgresql_flexible_server_firewall_rule
Database,azurerm_sql_active_directory_administrator
Database,azurerm_sql_elasticpool
Database,azurerm_mariadb_configuration
Database,azurerm_mysql_configuration
Database,azurerm_postgresql_flexible_server_active_directory_administrator
Database,azurerm_mssql_managed_instance_security_alert_policy
Database,azurerm_postgresql_server_key
Database,azurerm_mariadb_firewall_rule
Database,azurerm_postgresql_firewall_rule
Database,azurerm_postgresql_active_directory_administrator
Database,azurerm_mssql_server_vulnerability_assessment
Database,azurerm_mssql_failover_group
Database,azurerm_sql_managed_instance_active_directory_administrator
Database,azurerm_mssql_firewall_rule
Database,azurerm_mssql_managed_instance_transparent_data_encryption
Database,azurerm_mssql_virtual_machine
Database,azurerm_mssql_virtual_machine
Database Migration,azurerm_database_migration_project
Database Migration,azurerm_database_migration_service
Databox Edge,azurerm_databox_edge_device
Databox Edge,azurerm_databox_edge_order
Databricks,azurerm_databricks_workspace_private_endpoint_connection
Databricks,azurerm_databricks_workspace_customer_managed_key
Databricks,azurerm_databricks_virtual_network_peering
Databricks,azurerm_databricks_workspace
Databricks,azurerm_databricks_workspace
Databricks,azurerm_databricks_workspace
Databricks,azurerm_databricks_workspace
Databricks,azurerm_databricks_workspace
Databricks,azurerm_databricks_workspace
Databricks,azurerm_databricks_workspace
Databricks,azurerm_databricks_access_connector
Datadog,azurerm_datadog_monitor_tag_rule
Datadog,azurerm_datadog_monitors
Datadog,azurerm_datadog_monitor_sso_configuration
Desktop Virtualization,azurerm_virtual_desktop_workspace
Desktop Virtualization,azurerm_virtual_desktop_host_pool
Desktop Virtualization,azurerm_virtual_desktop_host_pool
Desktop Virtualization,azurerm_virtual_desktop_host_pool
Desktop Virtualization,azurerm_virtual_desktop_scaling_plan
Desktop Virtualization,azurerm_virtual_desktop_host_pool_registration_info
Desktop Virtualization,azurerm_virtual_desktop_host_pool_registration_info
Desktop Virtualization,azurerm_virtual_desktop_host_pool_registration_info
Desktop Virtualization,azurerm_virtual_desktop_application
Desktop Virtualization,azurerm_virtual_desktop_application
Desktop Virtualization,azurerm_virtual_desktop_application_group
Desktop Virtualization,azurerm_virtual_desktop_application_group
Desktop Virtualization,azurerm_virtual_desktop_workspace_application_group_association
Dev Test,azurerm_dev_test_virtual_network
Dev Test,azurerm_dev_test_global_vm_shutdown_schedule
Dev Test,azurerm_dev_test_lab
Dev Test,azurerm_dev_test_linux_virtual_machine
Dev Test,azurerm_dev_test_windows_virtual_machine
Dev Test,azurerm_dev_test_schedule
Dev Test,azurerm_dev_test_policy
Digital Twins,azurerm_digital_twins_endpoint_servicebus
Digital Twins,azurerm_digital_twins_time_series_database_connection
Digital Twins,azurerm_digital_twins_instance
Digital Twins,azurerm_digital_twins_endpoint_eventgrid
Digital Twins,azurerm_digital_twins_endpoint_eventhub
Disks,azurerm_disk_pool_managed_disk_attachment
Disks,azurerm_disk_pool
Disks,azurerm_disk_pool_iscsi_target
Disks,azurerm_disk_pool_iscsi_target_lun
Elastic,azurerm_elastic_cloud_elasticsearch
Elastic,azurerm_elastic_cloud_elasticsearch
Fluid Relay,azurerm_fluid_relay_servers
HDInsight,azurerm_hdinsight_cluster
HDInsight,azurerm_hdinsight_interactive_query_cluster
HDInsight,azurerm_hdinsight_spark_cluster
HDInsight,azurerm_hdinsight_kafka_cluster
HDInsight,azurerm_hdinsight_hbase_cluster
HDInsight,azurerm_hdinsight_hadoop_cluster
Hardware Security Module,azurerm_dedicated_hardware_security_module
Healthcare,azurerm_healthcare_dicom
Healthcare,azurerm_healthcare_fhir_service
Healthcare,azurerm_healthcare_service
Healthcare,azurerm_healthcare_medtech_service
Healthcare,azurerm_healthcare_workspace
Healthcare,azurerm_healthcare_medtech_service_fhir_destination
Hybrid Compute,azurerm_arc_machine
Hybrid Compute,azurerm_hybrid_compute_machine
Hybrid Compute,azurerm_arc_machine_extension
IoT Central,azurerm_iotcentral_application_network_rule_set
IoT Central,azurerm_iotcentral_application
IoT Hub,azurerm_iothub_shared_access_policy
IoT Hub,azurerm_iothub_dps
IoT Hub,azurerm_iothub_dps
IoT Hub,azurerm_iothub_device_update_instance
IoT Hub,azurerm_iothub_file_upload
IoT Hub,azurerm_iothub
IoT Hub,azurerm_iothub
IoT Hub,azurerm_iothub
IoT Hub,azurerm_iothub
IoT Hub,azurerm_iothub
IoT Hub,azurerm_iothub
IoT Hub,azurerm_iothub
IoT Hub,azurerm_iothub_dps_certificate
IoT Hub,azurerm_iothub_consumer_group
IoT Hub,azurerm_iothub_certificate
IoT Hub,azurerm_iothub_dps_shared_access_policy
IoT Hub,azurerm_iothub_device_update_account
Key Vault,azurerm_key_vault_access_policy
Key Vault,azurerm_key_vault_access_policy
Key Vault,azurerm_key_vault_access_policy
Key Vault,azurerm_key_vault_access_policy
Key Vault,azurerm_key_vault_access_policy
Key Vault,azurerm_key_vault_access_policy
Key Vault,azurerm_key_vault_access_policy
Key Vault,azurerm_key_vault_certificate
Key Vault,azurerm_key_vault_managed_hardware_security_module
Key Vault,azurerm_key_vault_key
Key Vault,azurerm_key_vault_key
Key Vault,azurerm_key_vault_certificate_data
Key Vault,azurerm_key_vault_secret
Key Vault,azurerm_key_vault_secret
Key Vault,azurerm_key_vault_secret
Key Vault,azurerm_key_vault_secret
Key Vault,azurerm_key_vault_secret
Key Vault,azurerm_key_vault_secret
Key Vault,azurerm_key_vault_secret
Key Vault,azurerm_key_vault_managed_storage_account_sas_token_definition
Key Vault,azurerm_key_vault_certificate_issuer
Key Vault,azurerm_key_vault_secrets
Key Vault,azurerm_key_vault_certificate_contacts
Key Vault,azurerm_key_vault_managed_storage_account
Key Vault,azurerm_key_vault_certificates
Key Vault,azurerm_key_vault
Key Vault,azurerm_key_vault
Key Vault,azurerm_key_vault
Key Vault,azurerm_key_vault
Key Vault,azurerm_key_vault
Key Vault,azurerm_key_vault
Key Vault,azurerm_key_vault
Key Vault,azurerm_key_vault
Key Vault,azurerm_key_vault
Key Vault,azurerm_key_vault
Key Vault,azurerm_key_vault
Key Vault,azurerm_key_vault
Key Vault,azurerm_key_vault
Key Vault,azurerm_key_vault
Key Vault,azurerm_key_vault
Key Vault,azurerm_key_vault
Key Vault,azurerm_key_vault
Key Vault,azurerm_key_vault_encrypted_value
Lab Service,azurerm_lab_service_lab
Lab Service,azurerm_lab_service_plan
Lab Service,azurerm_lab_service_user
Lab Service,azurerm_lab_service_schedule
Lighthouse,azurerm_lighthouse_definition
Lighthouse,azurerm_lighthouse_assignment
Load Balancer,azurerm_lb_backend_address_pool_address
Load Balancer,azurerm_lb_nat_pool
Load Balancer,azurerm_lb_probe
Load Balancer,azurerm_lb_probe
Load Balancer,azurerm_lb_probe
Load Balancer,azurerm_lb_probe
Load Balancer,azurerm_lb_probe
Load Balancer,azurerm_lb_probe
Load Balancer,azurerm_lb_probe
Load Balancer,azurerm_lb_rule
Load Balancer,azurerm_lb_rule
Load Balancer,azurerm_lb_rule
Load Balancer,azurerm_lb_rule
Load Balancer,azurerm_lb_rule
Load Balancer,azurerm_lb_rule
Load Balancer,azurerm_lb_nat_rule
Load Balancer,azurerm_lb_backend_address_pool
Load Balancer,azurerm_lb_backend_address_pool
Load Balancer,azurerm_lb_backend_address_pool
Load Balancer,azurerm_lb_backend_address_pool
Load Balancer,azurerm_lb_backend_address_pool
Load Balancer,azurerm_lb_backend_address_pool
Load Balancer,azurerm_lb_backend_address_pool
Load Balancer,azurerm_lb_outbound_rule
Load Balancer,azurerm_lb
Load Balancer,azurerm_lb
Load Balancer,azurerm_lb
Load Balancer,azurerm_lb
Load Balancer,azurerm_lb
Load Balancer,azurerm_lb
Load Balancer,azurerm_lb
Load Balancer,azurerm_lb
Load Test,azurerm_load_test
Log Analytics,azurerm_log_analytics_datasource_windows_performance_counter
Log Analytics,azurerm_log_analytics_data_export_rule
Log Analytics,azurerm_log_analytics_query_pack_query
Log Analytics,azurerm_log_analytics_linked_service
Log Analytics,azurerm_log_analytics_linked_service
Log Analytics,azurerm_log_analytics_cluster_customer_managed_key
Log Analytics,azurerm_log_analytics_datasource_windows_event
Log Analytics,azurerm_log_analytics_workspace
Log Analytics,azurerm_log_analytics_workspace
Log Analytics,azurerm_log_analytics_workspace
Log Analytics,azurerm_log_analytics_workspace
Log Analytics,azurerm_log_analytics_workspace
Log Analytics,azurerm_log_analytics_workspace
Log Analytics,azurerm_log_analytics_workspace
Log Analytics,azurerm_log_analytics_workspace
Log Analytics,azurerm_log_analytics_workspace
Log Analytics,azurerm_log_analytics_workspace
Log Analytics,azurerm_log_analytics_linked_storage_account
Log Analytics,azurerm_log_analytics_query_pack
Log Analytics,azurerm_log_analytics_solution
Log Analytics,azurerm_log_analytics_solution
Log Analytics,azurerm_log_analytics_saved_search
Log Analytics,azurerm_log_analytics_cluster
Log Analytics,azurerm_log_analytics_storage_insights
Logic App,azurerm_logic_app_integration_account
Logic App,azurerm_logic_app_integration_account_agreement
Logic App,azurerm_logic_app_action_http
Logic App,azurerm_logic_app_trigger_http_request
Logic App,azurerm_logic_app_integration_account_batch_configuration
Logic App,azurerm_logic_app_workflow
Logic App,azurerm_logic_app_standard
Logic App,azurerm_logic_app_standard
Logic App,azurerm_logic_app_integration_account_map
Logic App,azurerm_integration_service_environment
Logic App,azurerm_logic_app_trigger_custom
Logic App,azurerm_logic_app_action_custom
Logic App,azurerm_logic_app_integration_account_assembly
Logic App,azurerm_logic_app_integration_account_certificate
Logic App,azurerm_logic_app_integration_account_session
Logic App,azurerm_logic_app_integration_account_schema
Logic App,azurerm_logic_app_integration_account_partner
Logic App,azurerm_logic_app_trigger_recurrence
Logz,azurerm_logz_tag_rule
Logz,azurerm_logz_sub_account
Logz,azurerm_logz_monitor
Logz,azurerm_logz_sub_account_tag_rule
Machine Learning,azurerm_machine_learning_synapse_spark
Machine Learning,azurerm_machine_learning_compute_cluster
Machine Learning,azurerm_machine_learning_compute_cluster
Machine Learning,azurerm_machine_learning_compute_cluster
Machine Learning,azurerm_machine_learning_inference_cluster
Machine Learning,azurerm_machine_learning_workspace
Machine Learning,azurerm_machine_learning_workspace
Machine Learning,azurerm_machine_learning_workspace
Machine Learning,azurerm_machine_learning_workspace
Machine Learning,azurerm_machine_learning_datastore_datalake_gen2
Machine Learning,azurerm_machine_learning_compute_instance
Machine Learning,azurerm_machine_learning_compute_instance
Machine Learning,azurerm_machine_learning_datastore_blobstorage
Machine Learning,azurerm_machine_learning_datastore_fileshare
Maintenance,azurerm_maintenance_assignment_dedicated_host
Maintenance,azurerm_maintenance_assignment_virtual_machine
Maintenance,azurerm_public_maintenance_configurations
Maintenance,azurerm_maintenance_configuration
Maintenance,azurerm_maintenance_assignment_virtual_machine_scale_set
Managed Applications,azurerm_managed_application_definition
Managed Applications,azurerm_managed_application
Management,azurerm_management_lock
Management,azurerm_management_lock
Management,azurerm_management_lock
Management,azurerm_management_lock
Management,azurerm_management_lock
Management,azurerm_management_lock
Management,azurerm_management_lock
Management,azurerm_management_lock
Management,azurerm_management_lock
Management,azurerm_management_lock
Management,azurerm_management_lock
Management,azurerm_management_lock
Management,azurerm_management_lock
Management,azurerm_management_lock
Management,azurerm_management_lock
Management,azurerm_management_lock
Management,azurerm_management_lock
Management,azurerm_management_lock
Management,azurerm_management_lock
Management,azurerm_management_lock
Management,azurerm_management_lock
Management,azurerm_management_lock
Management,azurerm_management_lock
Management,azurerm_management_group
Management,azurerm_management_group
Management,azurerm_management_group
Management,azurerm_management_group
Management,azurerm_management_group
Management,azurerm_management_group
Management,azurerm_management_group
Management,azurerm_management_group_subscription_association
Maps,azurerm_maps_account
Maps,azurerm_maps_creator
Media,azurerm_media_services_account
Media,azurerm_media_services_account_filter
Media,azurerm_media_content_key_policy
Media,azurerm_media_job
Media,azurerm_media_streaming_endpoint
Media,azurerm_media_asset
Media,azurerm_media_transform
Media,azurerm_media_live_output
Media,azurerm_media_asset_filter
Media,azurerm_media_streaming_locator
Media,azurerm_media_live_event
Media,azurerm_media_streaming_policy
Messaging,azurerm_eventhub_consumer_group
Messaging,azurerm_web_pubsub
Messaging,azurerm_eventhub_cluster
Messaging,azurerm_signalr_service_network_acl
Messaging,azurerm_servicebus_namespace_authorization_rule
Messaging,azurerm_notification_hub_authorization_rule
Messaging,azurerm_relay_hybrid_connection_authorization_rule
Messaging,azurerm_servicebus_namespace_disaster_recovery_config
Messaging,azurerm_iothub_endpoint_servicebus_queue
Messaging,azurerm_eventgrid_domain_topic
Messaging,azurerm_eventgrid_system_topic_event_subscription
Messaging,azurerm_iothub_enrichment
Messaging,azurerm_eventgrid_topic
Messaging,azurerm_web_pubsub_shared_private_link
Messaging,azurerm_iothub_endpoint_storage_container
Messaging,azurerm_notification_hub_namespace
Messaging,azurerm_eventhub_authorization_rule
Messaging,azurerm_eventhub_authorization_rule
Messaging,azurerm_eventhub_authorization_rule
Messaging,azurerm_eventhub_authorization_rule
Messaging,azurerm_eventhub_authorization_rule
Messaging,azurerm_servicebus_queue
Messaging,azurerm_servicebus_queue
Messaging,azurerm_servicebus_queue
Messaging,azurerm_servicebus_queue
Messaging,azurerm_servicebus_queue
Messaging,azurerm_servicebus_queue
Messaging,azurerm_servicebus_namespace
Messaging,azurerm_servicebus_namespace
Messaging,azurerm_servicebus_namespace
Messaging,azurerm_servicebus_namespace
Messaging,azurerm_servicebus_namespace
Messaging,azurerm_eventhub
Messaging,azurerm_eventhub
Messaging,azurerm_eventhub
Messaging,azurerm_eventhub
Messaging,azurerm_eventhub
Messaging,azurerm_eventhub
Messaging,azurerm_eventhub
Messaging,azurerm_eventhub
Messaging,azurerm_eventhub
Messaging,azurerm_eventhub
Messaging,azurerm_eventhub
Messaging,azurerm_servicebus_queue_authorization_rule
Messaging,azurerm_signalr_shared_private_link
Messaging,azurerm_servicebus_subscription
Messaging,azurerm_servicebus_subscription
Messaging,azurerm_servicebus_subscription
Messaging,azurerm_servicebus_subscription
Messaging,azurerm_servicebus_subscription
Messaging,azurerm_relay_hybrid_connection
Messaging,azurerm_eventhub_namespace_customer_managed_key
Messaging,azurerm_relay_namespace
Messaging,azurerm_relay_namespace_authorization_rule
Messaging,azurerm_signalr_service_custom_certificate
Messaging,azurerm_eventhub_namespace
Messaging,azurerm_eventhub_namespace
Messaging,azurerm_eventhub_namespace
Messaging,azurerm_eventhub_namespace
Messaging,azurerm_eventhub_namespace
Messaging,azurerm_eventhub_namespace
Messaging,azurerm_eventhub_namespace
Messaging,azurerm_eventhub_namespace
Messaging,azurerm_web_pubsub_custom_domain
Messaging,azurerm_signalr_service
Messaging,azurerm_servicebus_namespace_network_rule_set
Messaging,azurerm_notification_hub
Messaging,azurerm_iothub_route
Messaging,azurerm_iothub_fallback_route
Messaging,azurerm_servicebus_topic_authorization_rule
Messaging,azurerm_iothub_endpoint_servicebus_topic
Messaging,azurerm_web_pubsub_custom_certificate
Messaging,azurerm_eventhub_namespace_disaster_recovery_config
Messaging,azurerm_servicebus_subscription_rule
Messaging,azurerm_iothub_endpoint_eventhub
Messaging,azurerm_iothub_endpoint_eventhub
Messaging,azurerm_iothub_endpoint_eventhub
Messaging,azurerm_iothub_endpoint_eventhub
Messaging,azurerm_servicebus_topic
Messaging,azurerm_servicebus_topic
Messaging,azurerm_servicebus_topic
Messaging,azurerm_servicebus_topic
Messaging,azurerm_eventgrid_domain
Messaging,azurerm_web_pubsub_network_acl
Messaging,azurerm_web_pubsub_hub
Messaging,azurerm_eventgrid_event_subscription
Messaging,azurerm_eventgrid_system_topic
Messaging,azurerm_signalr_service_custom_domain
Messaging,azurerm_eventhub_namespace_authorization_rule
Messaging,azurerm_eventhub_namespace_schema_group
Messaging,azurerm_web_pubsub_private_link_resource
Mixed Reality,azurerm_spatial_anchors_account
Mobile Network,azurerm_mobile_network_packet_core_control_plane
Mobile Network,azurerm_mobile_network_data_network
Mobile Network,azurerm_mobile_network_sim_group
Mobile Network,azurerm_mobile_network_service
Mobile Network,azurerm_mobile_network_slice
Mobile Network,azurerm_mobile_network_packet_core_data_plane
Mobile Network,azurerm_mobile_network_site
Mobile Network,azurerm_mobile_network
Mobile Network,azurerm_mobile_network_sim_policy
Monitor,azurerm_monitor_activity_log_alert
Monitor,azurerm_monitor_activity_log_alert
Monitor,azurerm_monitor_action_group
Monitor,azurerm_monitor_action_group
Monitor,azurerm_monitor_alert_processing_rule_action_group
Monitor,azurerm_monitor_scheduled_query_rules_log
Monitor,azurerm_monitor_private_link_scope
Monitor,azurerm_monitor_workspace
Monitor,azurerm_monitor_data_collection_rule
Monitor,azurerm_monitor_alert_processing_rule_suppression
Monitor,azurerm_monitor_scheduled_query_rules_alert
Monitor,azurerm_monitor_data_collection_rule_association
Monitor,azurerm_monitor_diagnostic_setting
Monitor,azurerm_monitor_diagnostic_setting
Monitor,azurerm_monitor_diagnostic_setting
Monitor,azurerm_monitor_diagnostic_setting
Monitor,azurerm_monitor_diagnostic_setting
Monitor,azurerm_monitor_diagnostic_setting
Monitor,azurerm_monitor_diagnostic_setting
Monitor,azurerm_monitor_diagnostic_setting
Monitor,azurerm_monitor_diagnostic_setting
Monitor,azurerm_monitor_diagnostic_setting
Monitor,azurerm_monitor_diagnostic_setting
Monitor,azurerm_monitor_diagnostic_setting
Monitor,azurerm_monitor_diagnostic_setting
Monitor,azurerm_monitor_diagnostic_setting
Monitor,azurerm_monitor_aad_diagnostic_setting
Monitor,azurerm_monitor_private_link_scoped_service
Monitor,azurerm_monitor_log_profile
Monitor,azurerm_monitor_action_rule_suppression
Monitor,azurerm_monitor_diagnostic_categories
Monitor,azurerm_monitor_metric_alert
Monitor,azurerm_monitor_metric_alert
Monitor,azurerm_monitor_metric_alert
Monitor,azurerm_monitor_metric_alert
Monitor,azurerm_monitor_metric_alert
Monitor,azurerm_monitor_metric_alert
Monitor,azurerm_monitor_metric_alert
Monitor,azurerm_monitor_metric_alert
Monitor,azurerm_monitor_metric_alert
Monitor,azurerm_monitor_metric_alert
Monitor,azurerm_monitor_metric_alert
Monitor,azurerm_monitor_metric_alert
Monitor,azurerm_monitor_metric_alert
Monitor,azurerm_monitor_autoscale_setting
Monitor,azurerm_monitor_smart_detector_alert_rule
Monitor,azurerm_monitor_action_rule_action_group
Monitor,azurerm_monitor_data_collection_endpoint
Monitor,azurerm_monitor_alert_prometheus_rule_group
Monitor,azurerm_monitor_scheduled_query_rules_alert_v2
NetApp,azurerm_netapp_pool
NetApp,azurerm_netapp_snapshot_policy
NetApp,azurerm_netapp_account
NetApp,azurerm_netapp_volume_group_sap_hana
NetApp,azurerm_netapp_volume
NetApp,azurerm_netapp_snapshot
Network,azurerm_express_route_circuit_peering
Network,azurerm_traffic_manager_azure_endpoint
Network,azurerm_virtual_hub
Network,azurerm_virtual_hub
Network,azurerm_virtual_hub
Network,azurerm_route
Network,azurerm_route
Network,azurerm_route
Network,azurerm_route
Network,azurerm_network_connection_monitor
Network,azurerm_vpn_gateway
Network,azurerm_network_manager_static_member
Network,azurerm_private_endpoint_application_security_group_association
Network,azurerm_network_watcher_flow_log
Network,azurerm_network_watcher_flow_log
Network,azurerm_network_ddos_protection_plan
Network,azurerm_network_ddos_protection_plan
Network,azurerm_virtual_hub_route_table
Network,azurerm_frontdoor
Network,azurerm_frontdoor
Network,azurerm_frontdoor
Network,azurerm_frontdoor
Network,azurerm_frontdoor
Network,azurerm_frontdoor
Network,azurerm_frontdoor
Network,azurerm_frontdoor
Network,azurerm_express_route_circuit
Network,azurerm_network_manager_admin_rule
Network,azurerm_subnet_nat_gateway_association
Network,azurerm_traffic_manager_profile
Network,azurerm_virtual_hub_connection
Network,azurerm_virtual_hub_connection
Network,azurerm_private_link_service
Network,azurerm_private_link_service
Network,azurerm_private_link_service
Network,azurerm_private_link_service
Network,azurerm_private_link_service
Network,azurerm_frontdoor_custom_https_configuration
Network,azurerm_network_manager_management_group_connection
Network,azurerm_virtual_network
Network,azurerm_virtual_network
Network,azurerm_virtual_network
Network,azurerm_virtual_network
Network,azurerm_virtual_network
Network,azurerm_virtual_network
Network,azurerm_virtual_network
Network,azurerm_virtual_network
Network,azurerm_virtual_network
Network,azurerm_virtual_network
Network,azurerm_virtual_network
Network,azurerm_virtual_network
Network,azurerm_virtual_network
Network,azurerm_virtual_network
Network,azurerm_virtual_network
Network,azurerm_virtual_network
Network,azurerm_virtual_network
Network,azurerm_virtual_network
Network,azurerm_virtual_network
Network,azurerm_virtual_network
Network,azurerm_virtual_network
Network,azurerm_virtual_network
Network,azurerm_virtual_network
Network,azurerm_ip_group
Network,azurerm_network_manager_admin_rule_collection
Network,azurerm_firewall_nat_rule_collection
Network,azurerm_frontdoor_firewall_policy
Network,azurerm_network_manager_connectivity_configuration
Network,azurerm_local_network_gateway
Network,azurerm_subnet_route_table_association
Network,azurerm_subnet_route_table_association
Network,azurerm_subnet_route_table_association
Network,azurerm_subnet_route_table_association
Network,azurerm_subnet_route_table_association
Network,azurerm_network_interface
Network,azurerm_network_interface
Network,azurerm_network_interface
Network,azurerm_network_interface
Network,azurerm_network_interface
Network,azurerm_network_interface
Network,azurerm_network_interface
Network,azurerm_network_interface
Network,azurerm_network_interface
Network,azurerm_network_interface
Network,azurerm_network_interface
Network,azurerm_network_interface
Network,azurerm_network_interface
Network,azurerm_network_interface
Network,azurerm_network_interface
Network,azurerm_network_interface
Network,azurerm_network_interface
Network,azurerm_network_interface
Network,azurerm_private_endpoint
Network,azurerm_private_endpoint
Network,azurerm_private_endpoint
Network,azurerm_private_endpoint
Network,azurerm_private_endpoint
Network,azurerm_private_endpoint
Network,azurerm_private_endpoint
Network,azurerm_private_endpoint
Network,azurerm_private_endpoint
Network,azurerm_private_endpoint
Network,azurerm_private_endpoint
Network,azurerm_private_endpoint
Network,azurerm_private_endpoint
Network,azurerm_private_endpoint
Network,azurerm_private_endpoint
Network,azurerm_virtual_hub_route_table_route
Network,azurerm_route_server
Network,azurerm_bastion_host
Network,azurerm_virtual_hub_bgp_connection
Network,azurerm_private_endpoint_connection
Network,azurerm_vpn_gateway_connection
Network,azurerm_nat_gateway_public_ip_prefix_association
Network,azurerm_vpn_site
Network,azurerm_application_security_group
Network,azurerm_firewall
Network,azurerm_firewall
Network,azurerm_firewall
Network,azurerm_firewall
Network,azurerm_firewall
Network,azurerm_firewall
Network,azurerm_firewall
Network,azurerm_firewall
Network,azurerm_firewall
Network,azurerm_firewall
Network,azurerm_firewall
Network,azurerm_firewall
Network,azurerm_firewall
Network,azurerm_firewall
Network,azurerm_firewall
Network,azurerm_firewall
Network,azurerm_firewall
Network,azurerm_web_application_firewall_policy
Network,azurerm_application_gateway
Network,azurerm_application_gateway
Network,azurerm_application_gateway
Network,azurerm_application_gateway
Network,azurerm_application_gateway
Network,azurerm_application_gateway
Network,azurerm_application_gateway
Network,azurerm_application_gateway
Network,azurerm_application_gateway
Network,azurerm_express_route_port_authorization
Network,azurerm_network_service_tags
Network,azurerm_express_route_circuit_authorization
Network,azurerm_express_route_gateway
Network,azurerm_express_route_gateway
Network,azurerm_network_interface_application_security_group_association
Network,azurerm_route_map
Network,azurerm_network_security_group
Network,azurerm_network_security_group
Network,azurerm_network_security_group
Network,azurerm_network_security_group
Network,azurerm_network_security_group
Network,azurerm_network_security_group
Network,azurerm_network_security_group
Network,azurerm_network_security_group
Network,azurerm_network_security_group
Network,azurerm_network_security_group
Network,azurerm_network_security_group
Network,azurerm_network_security_group
Network,azurerm_network_watcher
Network,azurerm_network_watcher
Network,azurerm_virtual_network_peering
Network,azurerm_virtual_network_peering
Network,azurerm_virtual_network_peering
Network,azurerm_virtual_network_peering
Network,azurerm_virtual_network_peering
Network,azurerm_virtual_network_peering
Network,azurerm_firewall_policy
Network,azurerm_firewall_policy
Network,azurerm_firewall_policy
Network,azurerm_firewall_policy
Network,azurerm_firewall_policy
Network,azurerm_firewall_policy
Network,azurerm_firewall_policy
Network,azurerm_firewall_policy
Network,azurerm_firewall_policy_rule_collection_group
Network,azurerm_firewall_policy_rule_collection_group
Network,azurerm_firewall_policy_rule_collection_group
Network,azurerm_firewall_policy_rule_collection_group
Network,azurerm_virtual_network_dns_servers
Network,azurerm_virtual_machine_scale_set_packet_capture
Network,azurerm_virtual_wan
Network,azurerm_subnet
Network,azurerm_subnet
Network,azurerm_subnet
Network,azurerm_subnet
Network,azurerm_subnet
Network,azurerm_subnet
Network,azurerm_subnet
Network,azurerm_subnet
Network,azurerm_subnet
Network,azurerm_subnet
Network,azurerm_subnet
Network,azurerm_subnet
Network,azurerm_subnet
Network,azurerm_subnet
Network,azurerm_subnet
Network,azurerm_subnet
Network,azurerm_subnet
Network,azurerm_subnet
Network,azurerm_subnet
Network,azurerm_subnet
Network,azurerm_subnet
Network,azurerm_subnet
Network,azurerm_subnet
Network,azurerm_firewall_application_rule_collection
Network,azurerm_network_security_rule
Network,azurerm_network_security_rule
Network,azurerm_virtual_network_gateway_nat_rule
Network,azurerm_nat_gateway_public_ip_association
Network,azurerm_network_interface_nat_rule_association
Network,azurerm_virtual_network_gateway
Network,azurerm_virtual_network_gateway
Network,azurerm_virtual_network_gateway
Network,azurerm_virtual_network_gateway
Network,azurerm_virtual_network_gateway
Network,azurerm_route_table
Network,azurerm_route_table
Network,azurerm_route_table
Network,azurerm_route_table
Network,azurerm_public_ip
Network,azurerm_public_ip
Network,azurerm_public_ip
Network,azurerm_public_ip
Network,azurerm_public_ip
Network,azurerm_public_ip
Network,azurerm_public_ip
Network,azurerm_public_ip
Network,azurerm_public_ip
Network,azurerm_public_ip
Network,azurerm_public_ip
Network,azurerm_public_ip
Network,azurerm_public_ip
Network,azurerm_public_ip
Network,azurerm_public_ip
Network,azurerm_public_ip
Network,azurerm_public_ip
Network,azurerm_public_ip
Network,azurerm_public_ip
Network,azurerm_public_ip
Network,azurerm_public_ip
Network,azurerm_public_ip
Network,azurerm_public_ip
Network,azurerm_network_manager_security_admin_configuration
Network,azurerm_network_interface_security_group_association
Network,azurerm_network_interface_security_group_association
Network,azurerm_network_interface_security_group_association
Network,azurerm_network_interface_security_group_association
Network,azurerm_network_interface_security_group_association
Network,azurerm_subnet_service_endpoint_storage_policy
Network,azurerm_virtual_network_gateway_connection
Network,azurerm_virtual_network_gateway_connection
Network,azurerm_network_manager_network_group
Network,azurerm_public_ips
Network,azurerm_virtual_hub_security_partner_provider
Network,azurerm_network_manager_deployment
Network,azurerm_route_filter
Network,azurerm_network_interface_backend_address_pool_association
Network,azurerm_point_to_site_vpn_gateway
Network,azurerm_firewall_network_rule_collection
Network,azurerm_firewall_network_rule_collection
Network,azurerm_network_manager
Network,azurerm_express_route_circuit_connection
Network,azurerm_express_route_connection
Network,azurerm_network_interface_application_gateway_backend_address_pool_association
Network,azurerm_vpn_gateway_nat_rule
Network,azurerm_private_link_service_endpoint_connections
Network,azurerm_network_packet_capture
Network,azurerm_vpn_server_configuration_policy_group
Network,azurerm_traffic_manager_external_endpoint
Network,azurerm_frontdoor_rules_engine
Network,azurerm_nat_gateway
Network,azurerm_network_manager_scope_connection
Network,azurerm_vpn_server_configuration
Network,azurerm_route_server_bgp_connection
Network,azurerm_public_ip_prefix
Network,azurerm_virtual_hub_ip
Network,azurerm_express_route_port
Network,azurerm_virtual_machine_packet_capture
Network,azurerm_traffic_manager_nested_endpoint
Network,azurerm_traffic_manager_geographical_location
Network,azurerm_network_profile
Network,azurerm_network_manager_subscription_connection
Network,azurerm_subnet_network_security_group_association
Network,azurerm_subnet_network_security_group_association
Network,azurerm_subnet_network_security_group_association
Network,azurerm_subnet_network_security_group_association
Network,azurerm_subnet_network_security_group_association
Network,azurerm_subnet_network_security_group_association
Network,azurerm_subnet_network_security_group_association
Network,azurerm_ip_group_cidr
Nginx,azurerm_nginx_certificate
Nginx,azurerm_nginx_configuration
Nginx,azurerm_nginx_deployment
Orbital,azurerm_orbital_spacecraft
Orbital,azurerm_orbital_contact_profile
Orbital,azurerm_orbital_contact
Policy,azurerm_policy_virtual_machine_configuration_assignment
Policy,azurerm_management_group_policy_exemption
Policy,azurerm_resource_group_policy_remediation
Policy,azurerm_policy_definition
Policy,azurerm_policy_definition
Policy,azurerm_policy_definition
Policy,azurerm_policy_definition
Policy,azurerm_policy_definition
Policy,azurerm_policy_definition
Policy,azurerm_policy_definition
Policy,azurerm_subscription_policy_exemption
Policy,azurerm_resource_policy_exemption
Policy,azurerm_resource_policy_remediation
Policy,azurerm_management_group_policy_assignment
Policy,azurerm_management_group_policy_assignment
Policy,azurerm_management_group_policy_assignment
Policy,azurerm_management_group_policy_assignment
Policy,azurerm_management_group_policy_remediation
Policy,azurerm_resource_group_policy_exemption
Policy,azurerm_resource_group_policy_assignment
Policy,azurerm_resource_group_policy_assignment
Policy,azurerm_policy_set_definition
Policy,azurerm_policy_definition_built_in
Policy,azurerm_subscription_policy_assignment
Policy,azurerm_subscription_policy_assignment
Policy,azurerm_policy_assignment
Policy,azurerm_policy_assignment
Policy,azurerm_policy_assignment
Policy,azurerm_policy_assignment
Policy,azurerm_policy_assignment
Policy,azurerm_subscription_policy_remediation
Policy,azurerm_resource_policy_assignment
Policy,azurerm_resource_policy_assignment
Portal,azurerm_dashboard
Portal,azurerm_portal_dashboard
Portal,azurerm_portal_tenant_configuration
PowerBI,azurerm_powerbi_embedded
Private DNS,azurerm_private_dns_zone
Private DNS,azurerm_private_dns_zone
Private DNS,azurerm_private_dns_zone
Private DNS,azurerm_private_dns_zone
Private DNS,azurerm_private_dns_zone
Private DNS,azurerm_private_dns_zone
Private DNS,azurerm_private_dns_zone
Private DNS,azurerm_private_dns_zone
Private DNS,azurerm_private_dns_zone
Private DNS,azurerm_private_dns_zone
Private DNS,azurerm_private_dns_zone
Private DNS,azurerm_private_dns_zone
Private DNS,azurerm_private_dns_zone
Private DNS,azurerm_private_dns_zone
Private DNS,azurerm_private_dns_aaaa_record
Private DNS,azurerm_private_dns_cname_record
Private DNS,azurerm_private_dns_zone_virtual_network_link
Private DNS,azurerm_private_dns_zone_virtual_network_link
Private DNS,azurerm_private_dns_zone_virtual_network_link
Private DNS,azurerm_private_dns_zone_virtual_network_link
Private DNS,azurerm_private_dns_zone_virtual_network_link
Private DNS,azurerm_private_dns_zone_virtual_network_link
Private DNS,azurerm_private_dns_zone_virtual_network_link
Private DNS,azurerm_private_dns_zone_virtual_network_link
Private DNS,azurerm_private_dns_zone_virtual_network_link
Private DNS,azurerm_private_dns_zone_virtual_network_link
Private DNS,azurerm_private_dns_a_record
Private DNS,azurerm_private_dns_txt_record
Private DNS,azurerm_private_dns_srv_record
Private DNS,azurerm_private_dns_mx_record
Private DNS,azurerm_private_dns_ptr_record
Private DNS,azurerm_private_dns_soa_record
Private DNS Resolver,azurerm_private_dns_resolver_forwarding_rule
Private DNS Resolver,azurerm_private_dns_resolver_virtual_network_link
Private DNS Resolver,azurerm_private_dns_resolver
Private DNS Resolver,azurerm_private_dns_resolver_dns_forwarding_ruleset
Private DNS Resolver,azurerm_private_dns_resolver_inbound_endpoint
Private DNS Resolver,azurerm_private_dns_resolver_outbound_endpoint
Purview,azurerm_purview_account
Recovery Services,azurerm_site_recovery_hyperv_network_mapping
Recovery Services,azurerm_backup_container_storage_account
Recovery Services,azurerm_site_recovery_network_mapping
Recovery Services,azurerm_site_recovery_replicated_vm
Recovery Services,azurerm_site_recovery_hyperv_replication_policy_association
Recovery Services,azurerm_site_recovery_replication_policy
Recovery Services,azurerm_backup_policy_vm_workload
Recovery Services,azurerm_recovery_services_vault_resource_guard_association
Recovery Services,azurerm_site_recovery_protection_container_mapping
Recovery Services,azurerm_backup_policy_file_share
Recovery Services,azurerm_backup_protected_vm
Recovery Services,azurerm_backup_protected_vm
Recovery Services,azurerm_site_recovery_protection_container
Recovery Services,azurerm_backup_policy_vm
Recovery Services,azurerm_backup_policy_vm
Recovery Services,azurerm_backup_protected_file_share
Recovery Services,azurerm_recovery_services_vault
Recovery Services,azurerm_recovery_services_vault
Recovery Services,azurerm_site_recovery_replication_recovery_plan
Recovery Services,azurerm_site_recovery_fabric
Recovery Services,azurerm_site_recovery_vmware_replication_policy_association
Recovery Services,azurerm_site_recovery_services_vault_hyperv_site
Recovery Services,azurerm_site_recovery_vmware_replication_policy
Recovery Services,azurerm_site_recovery_hyperv_replication_policy
Redis,azurerm_redis_linked_server
Redis,azurerm_redis_firewall_rule
Redis,azurerm_redis_cache
Redis,azurerm_redis_cache
Redis,azurerm_redis_cache
Redis Enterprise,azurerm_redis_enterprise_database
Redis Enterprise,azurerm_redis_enterprise_cluster
Search,azurerm_search_service
Search,azurerm_search_service
Search,azurerm_search_shared_private_link_service
Security Center,azurerm_security_center_automation
Security Center,azurerm_security_center_server_vulnerability_assessment_virtual_machine
Security Center,azurerm_azurerm_security_center_server_vulnerability_assessment
Security Center,azurerm_security_center_workspace
Security Center,azurerm_security_center_assessment_policy
Security Center,azurerm_advanced_threat_protection
Security Center,azurerm_security_center_auto_provisioning
Security Center,azurerm_security_center_contact
Security Center,azurerm_iot_security_device_group
Security Center,azurerm_security_center_assessment
Security Center,azurerm_security_center_subscription_pricing
Security Center,azurerm_iot_security_solution
Security Center,azurerm_security_center_setting
Sentinel,azurerm_sentinel_data_connector_office_power_bi
Sentinel,azurerm_sentinel_log_analytics_workspace_onboarding
Sentinel,azurerm_sentinel_data_connector_iot
Sentinel,azurerm_sentinel_automation_rule
Sentinel,azurerm_sentinel_alert_rule_threat_intelligence
Sentinel,azurerm_sentinel_data_connector_threat_intelligence_taxii
Sentinel,azurerm_sentinel_alert_rule_fusion
Sentinel,azurerm_sentinel_data_connector_dynamics_365
Sentinel,azurerm_sentinel_data_connector_microsoft_defender_advanced_threat_protection
Sentinel,azurerm_sentinel_alert_rule_template
Sentinel,azurerm_sentinel_data_connector_microsoft_threat_intelligence
Sentinel,azurerm_sentinel_alert_rule
Sentinel,azurerm_sentinel_data_connector_aws_cloud_trail
Sentinel,azurerm_sentinel_metadata
Sentinel,azurerm_sentinel_alert_rule_ms_security_incident
Sentinel,azurerm_sentinel_data_connector_azure_active_directory
Sentinel,azurerm_sentinel_data_connector_azure_security_center
Sentinel,azurerm_sentinel_alert_rule_scheduled
Sentinel,azurerm_sentinel_data_connector_azure_advanced_threat_protection
Sentinel,azurerm_sentinel_alert_rule_nrt
Sentinel,azurerm_sentinel_data_connector_microsoft_cloud_app_security
Sentinel,azurerm_sentinel_data_connector_office_atp
Sentinel,azurerm_sentinel_watchlist
Sentinel,azurerm_sentinel_alert_rule_anomaly_built_in
Sentinel,azurerm_sentinel_data_connector_office_365_project
Sentinel,azurerm_sentinel_watchlist_item
Sentinel,azurerm_sentinel_alert_rule_anomaly
Sentinel,azurerm_sentinel_data_connector_aws_s3
Sentinel,azurerm_sentinel_data_connector_office_irm
Sentinel,azurerm_sentinel_data_connector_microsoft_threat_protection
Sentinel,azurerm_azurerm_sentinel_alert_rule_machine_learning_behavior_analytics
Sentinel,azurerm_sentinel_alert_rule_anomaly_duplicate
Sentinel,azurerm_sentinel_data_connector_threat_intelligence
Sentinel,azurerm_sentinel_threat_intelligence_indicator
Sentinel,azurerm_sentinel_data_connector_office_365
Service Fabric,azurerm_service_fabric_cluster
Service Fabric Managed Clusters,azurerm_service_fabric_managed_cluster
Spring Cloud,azurerm_spring_cloud_gateway
Spring Cloud,azurerm_spring_cloud_gateway
Spring Cloud,azurerm_spring_cloud_app_mysql_association
Spring Cloud,azurerm_spring_cloud_app_cosmosdb_association
Spring Cloud,azurerm_spring_cloud_gateway_route_config
Spring Cloud,azurerm_spring_cloud_build_pack_binding
Spring Cloud,azurerm_spring_cloud_connection
Spring Cloud,azurerm_spring_cloud_certificate
Spring Cloud,azurerm_spring_cloud_dev_tool_portal
Spring Cloud,azurerm_spring_cloud_app_redis_association
Spring Cloud,azurerm_spring_cloud_configuration_service
Spring Cloud,azurerm_spring_cloud_configuration_service
Spring Cloud,azurerm_spring_cloud_customized_accelerator
Spring Cloud,azurerm_spring_cloud_active_deployment
Spring Cloud,azurerm_spring_cloud_active_deployment
Spring Cloud,azurerm_spring_cloud_active_deployment
Spring Cloud,azurerm_spring_cloud_gateway_custom_domain
Spring Cloud,azurerm_spring_cloud_build_deployment
Spring Cloud,azurerm_spring_cloud_java_deployment
Spring Cloud,azurerm_spring_cloud_java_deployment
Spring Cloud,azurerm_spring_cloud_java_deployment
Spring Cloud,azurerm_spring_cloud_java_deployment
Spring Cloud,azurerm_spring_cloud_java_deployment
Spring Cloud,azurerm_spring_cloud_container_deployment
Spring Cloud,azurerm_spring_cloud_service
Spring Cloud,azurerm_spring_cloud_service
Spring Cloud,azurerm_spring_cloud_service
Spring Cloud,azurerm_spring_cloud_service
Spring Cloud,azurerm_spring_cloud_service
Spring Cloud,azurerm_spring_cloud_service
Spring Cloud,azurerm_spring_cloud_accelerator
Spring Cloud,azurerm_spring_cloud_api_portal_custom_domain
Spring Cloud,azurerm_spring_cloud_app
Spring Cloud,azurerm_spring_cloud_app
Spring Cloud,azurerm_spring_cloud_app
Spring Cloud,azurerm_spring_cloud_application_live_view
Spring Cloud,azurerm_spring_cloud_storage
Spring Cloud,azurerm_spring_cloud_custom_domain
Spring Cloud,azurerm_spring_cloud_builder
Spring Cloud,azurerm_spring_cloud_api_portal
Storage,azurerm_storage_table_entity
Storage,azurerm_storage_container
Storage,azurerm_storage_container
Storage,azurerm_storage_container
Storage,azurerm_storage_container
Storage,azurerm_storage_container
Storage,azurerm_storage_container
Storage,azurerm_storage_container
Storage,azurerm_storage_container
Storage,azurerm_storage_container
Storage,azurerm_storage_container
Storage,azurerm_storage_container
Storage,azurerm_storage_encryption_scope
Storage,azurerm_storage_data_lake_gen2_path
Storage,azurerm_storage_share
Storage,azurerm_storage_share
Storage,azurerm_storage_share
Storage,azurerm_storage_share
Storage,azurerm_storage_share
Storage,azurerm_storage_account
Storage,azurerm_storage_account
Storage,azurerm_storage_account
Storage,azurerm_storage_account
Storage,azurerm_storage_account
Storage,azurerm_storage_account
Storage,azurerm_storage_account
Storage,azurerm_storage_account
Storage,azurerm_storage_account
Storage,azurerm_storage_account
Storage,azurerm_storage_account
Storage,azurerm_storage_account
Storage,azurerm_storage_account
Storage,azurerm_storage_account
Storage,azurerm_storage_account
Storage,azurerm_storage_account
Storage,azurerm_storage_account
Storage,azurerm_storage_account
Storage,azurerm_storage_account
Storage,azurerm_storage_account
Storage,azurerm_storage_account
Storage,azurerm_storage_account
Storage,azurerm_storage_account
Storage,azurerm_storage_account_network_rules
Storage,azurerm_storage_account_network_rules
Storage,azurerm_storage_queue
Storage,azurerm_storage_management_policy
Storage,azurerm_storage_blob_inventory_policy
Storage,azurerm_storage_share_directory
Storage,azurerm_hpc_cache_blob_target
Storage,azurerm_storage_sync_cloud_endpoint
Storage,azurerm_storage_account_local_user
Storage,azurerm_storage_account_customer_managed_key
Storage,azurerm_storage_account_customer_managed_key
Storage,azurerm_storage_account_sas
Storage,azurerm_storage_account_sas
Storage,azurerm_storage_account_sas
Storage,azurerm_storage_account_sas
Storage,azurerm_storage_table
Storage,azurerm_storage_table
Storage,azurerm_hpc_cache_nfs_target
Storage,azurerm_storage_sync_group
Storage,azurerm_storage_data_lake_gen2_filesystem
Storage,azurerm_storage_data_lake_gen2_filesystem
Storage,azurerm_storage_data_lake_gen2_filesystem
Storage,azurerm_storage_data_lake_gen2_filesystem
Storage,azurerm_storage_account_blob_container_sas
Storage,azurerm_storage_blob
Storage,azurerm_storage_blob
Storage,azurerm_storage_blob
Storage,azurerm_storage_blob
Storage,azurerm_storage_blob
Storage,azurerm_storage_blob
Storage,azurerm_storage_blob
Storage,azurerm_storage_sync
Storage,azurerm_hpc_cache
Storage,azurerm_hpc_cache_blob_nfs_target
Storage,azurerm_storage_object_replication
Storage,azurerm_hpc_cache_access_policy
Storage,azurerm_storage_share_file
Storage Mover,azurerm_storage_mover_project
Storage Mover,azurerm_storage_mover_agent
Storage Mover,azurerm_storage_mover_job_definition
Storage Mover,azurerm_storage_mover_target_endpoint
Storage Mover,azurerm_storage_mover_source_endpoint
Storage Mover,azurerm_storage_mover
Stream Analytics,azurerm_stream_analytics_stream_input_iothub
Stream Analytics,azurerm_stream_analytics_job_schedule
Stream Analytics,azurerm_stream_analytics_reference_input_mssql
Stream Analytics,azurerm_stream_analytics_stream_input_eventhub_v2
Stream Analytics,azurerm_stream_analytics_cluster
Stream Analytics,azurerm_stream_analytics_output_cosmosdb
Stream Analytics,azurerm_stream_analytics_stream_input_blob
Stream Analytics,azurerm_stream_analytics_function_javascript_uda
Stream Analytics,azurerm_stream_analytics_reference_input_blob
Stream Analytics,azurerm_stream_analytics_output_eventhub
Stream Analytics,azurerm_stream_analytics_output_blob
Stream Analytics,azurerm_stream_analytics_output_table
Stream Analytics,azurerm_stream_analytics_output_function
Stream Analytics,azurerm_stream_analytics_stream_input_eventhub
Stream Analytics,azurerm_stream_analytics_output_servicebus_queue
Stream Analytics,azurerm_stream_analytics_managed_private_endpoint
Stream Analytics,azurerm_stream_analytics_output_powerbi
Stream Analytics,azurerm_stream_analytics_function_javascript_udf
Stream Analytics,azurerm_stream_analytics_job
Stream Analytics,azurerm_stream_analytics_job
Stream Analytics,azurerm_stream_analytics_output_servicebus_topic
Stream Analytics,azurerm_stream_analytics_output_synapse
Stream Analytics,azurerm_stream_analytics_output_mssql
Synapse,azurerm_synapse_workspace_key
Synapse,azurerm_synapse_role_assignment
Synapse,azurerm_synapse_sql_pool_vulnerability_assessment
Synapse,azurerm_synapse_workspace_vulnerability_assessment
Synapse,azurerm_synapse_private_link_hub
Synapse,azurerm_synapse_sql_pool_extended_auditing_policy
Synapse,azurerm_synapse_spark_pool
Synapse,azurerm_synapse_linked_service
Synapse,azurerm_synapse_workspace_extended_auditing_policy
Synapse,azurerm_synapse_workspace_security_alert_policy
Synapse,azurerm_synapse_workspace
Synapse,azurerm_synapse_workspace
Synapse,azurerm_synapse_integration_runtime_azure
Synapse,azurerm_synapse_managed_private_endpoint
Synapse,azurerm_synapse_sql_pool_vulnerability_assessment_baseline
Synapse,azurerm_synapse_workspace_aad_admin
Synapse,azurerm_synapse_integration_runtime_self_hosted
Synapse,azurerm_synapse_sql_pool_security_alert_policy
Synapse,azurerm_synapse_sql_pool_workload_classifier
Synapse,azurerm_synapse_sql_pool
Synapse,azurerm_synapse_firewall_rule
Synapse,azurerm_synapse_sql_pool_workload_group
Synapse,azurerm_synapse_workspace_sql_aad_admin
Template,azurerm_management_group_template_deployment
Template,azurerm_resource_deployment_script_azure_power_shell
Template,azurerm_tenant_template_deployment
Template,azurerm_subscription_template_deployment
Template,azurerm_template_spec_version
Template,azurerm_resource_group_template_deployment
Template,azurerm_resource_group_template_deployment
Template,azurerm_template_deployment
Template,azurerm_template_deployment
Template,azurerm_resource_deployment_script_azure_cli
Time Series Insights,azurerm_iot_time_series_insights_gen2_environment
Time Series Insights,azurerm_iot_time_series_insights_standard_environment
Time Series Insights,azurerm_iot_time_series_insights_event_source_iothub
Time Series Insights,azurerm_iot_time_series_insights_access_policy
Time Series Insights,azurerm_iot_time_series_insights_event_source_eventhub
Time Series Insights,azurerm_iot_time_series_insights_reference_data_set
VMware (AVS),azurerm_vmware_express_route_authorization
VMware (AVS),azurerm_vmware_private_cloud
VMware (AVS),azurerm_vmware_cluster
VMware (AVS),azurerm_vmware_netapp_volume_attachment
Video Analyzer,azurerm_video_analyzer_edge_module
Video Analyzer,azurerm_video_analyzer
Voice Services,azurerm_voice_services_communications_gateway_test_line
Voice Services,azurerm_voice_services_communications_gateway